#number of hit, misses and time stayed in Cache for every file
#project: 1, cacheTableSize: 1506, cachesize: 110, blocksize: 110, prefetchsize: 11, cache replacement policy: LRU
file_id,loc,num_load,num_hits,num_misses,duration,reason,is_in_cache,Prefetch,CoChange,BugEntity
0,0,0,0,0,7276992,0,false,0,0,0
3070,19,7,1,0,16951,CoChange,false,0,1,0
3069,-1,47,4,2,228627,CoChange,false,1,3,0
3063,-1,25,5,0,92211,CoChange,false,0,5,0
3062,-1,19,3,8,110710,CoChange,false,2,0,1
3061,-1,68,4,1,346216,CoChange,false,0,3,1
3060,269,135,13,10,719740,BugEntity,false,0,13,0
3059,-1,52,4,3,273614,CoChange,false,0,4,0
3058,-1,77,2,1,369871,CoChange,false,0,2,0
3056,-1,17,2,1,73948,CoChange,false,0,2,0
3055,-1,16,0,2,73420,CoChange,false,0,0,0
3054,-1,15,0,0,80287,CoChange,false,0,0,0
3053,227,25,3,4,88059,CoChange,false,0,3,0
3052,-1,27,1,3,90063,CoChange,false,0,1,0
3051,-1,12,1,2,38948,CoChange,false,0,1,0
3050,-1,16,2,2,41847,CoChange,false,0,2,0
3049,-1,16,2,1,41847,CoChange,false,0,2,0
3047,-1,81,5,2,394242,CoChange,false,0,5,0
3046,-1,93,5,2,345127,CoChange,false,0,5,0
3045,-1,131,2,9,535982,CoChange,false,0,2,0
3044,-1,10,2,0,77933,CoChange,false,1,1,0
3043,-1,70,2,1,261839,CoChange,false,0,2,0
3042,162,17,3,6,43754,BugEntity,false,1,2,0
3039,-1,143,4,12,463393,CoChange,false,0,3,1
3038,-1,65,3,0,238414,CoChange,false,0,3,0
3037,-1,65,3,0,219799,CoChange,false,0,3,0
3036,-1,68,3,0,222595,CoChange,false,0,3,0
3035,-1,110,4,4,538382,CoChange,false,0,4,0
3034,-1,87,2,4,344290,CoChange,false,0,2,0
3033,-1,86,3,0,308011,CoChange,false,0,3,0
3029,-1,244,11,7,1028991,CoChange,false,0,9,2
3028,-1,197,2,1,646604,CoChange,false,0,2,0
3027,-1,298,94,54,1504407,CoChange,false,0,67,27
3026,-1,231,8,7,863823,CoChange,false,0,7,1
3025,-1,187,3,0,618770,CoChange,false,0,3,0
3024,-1,189,2,1,616273,CoChange,false,0,2,0
3023,-1,227,11,1,842967,CoChange,false,0,11,0
3021,-1,139,4,0,449744,CoChange,false,0,4,0
3020,-1,102,3,2,460312,CoChange,false,0,3,0
3019,-1,186,10,1,780826,CoChange,false,0,9,1
3017,-1,197,6,3,752261,CoChange,false,0,6,0
3014,-1,136,2,5,516662,CoChange,false,0,2,0
3013,-1,53,3,4,179959,CoChange,false,0,3,0
3007,281,39,1,4,178182,BugEntity,false,0,1,0
3006,-1,28,0,3,116057,CoChange,false,0,0,0
3005,-1,28,0,1,118096,CoChange,false,0,0,0
3000,-1,87,4,4,499930,CoChange,false,0,4,0
2998,-1,24,0,1,60099,CoChange,false,0,0,0
2997,-1,6,0,0,631,CoChange,false,0,0,0
2996,-1,7,0,0,631,CoChange,false,0,0,0
2995,-1,7,0,0,617,CoChange,false,0,0,0
2994,-1,7,0,0,617,CoChange,false,0,0,0
2993,-1,7,0,0,617,CoChange,false,0,0,0
2992,-1,7,0,0,617,CoChange,false,0,0,0
2991,-1,22,0,1,76288,CoChange,false,0,0,0
2990,-1,7,0,0,617,CoChange,false,0,0,0
2989,-1,7,0,0,617,CoChange,false,0,0,0
2985,-1,7,0,0,617,CoChange,false,0,0,0
2984,-1,7,0,0,617,CoChange,false,0,0,0
2983,-1,7,0,0,617,CoChange,false,0,0,0
2982,-1,7,0,0,617,CoChange,false,0,0,0
2981,-1,33,1,0,61790,CoChange,false,0,1,0
2978,-1,7,0,0,617,CoChange,false,0,0,0
2974,-1,127,13,9,595602,CoChange,false,0,10,3
2968,-1,41,1,4,78426,CoChange,false,0,1,0
2964,-1,13,0,2,25509,CoChange,false,0,0,0
2957,-1,13,0,0,19837,CoChange,false,0,0,0
2956,-1,13,0,0,19837,CoChange,false,0,0,0
2955,-1,13,0,0,19837,CoChange,false,0,0,0
2954,-1,13,0,0,19837,CoChange,false,0,0,0
2953,-1,13,0,0,19837,CoChange,false,0,0,0
2952,-1,13,0,0,19837,CoChange,false,0,0,0
2951,-1,13,0,0,19837,CoChange,false,0,0,0
2949,-1,13,0,0,18582,CoChange,false,0,0,0
2948,-1,13,0,0,18582,CoChange,false,0,0,0
2947,-1,13,0,0,18582,CoChange,false,0,0,0
2946,-1,13,0,0,18582,CoChange,false,0,0,0
2945,-1,13,0,0,18505,CoChange,false,0,0,0
2944,-1,13,0,0,18505,CoChange,false,0,0,0
2943,-1,5,0,0,13850,CoChange,false,0,0,0
2942,-1,8,0,0,17506,CoChange,false,0,0,0
2941,-1,12,0,0,37503,CoChange,false,0,0,0
2940,-1,12,0,0,37503,CoChange,false,0,0,0
2939,-1,12,0,0,37503,CoChange,false,0,0,0
2938,-1,12,0,0,37503,CoChange,false,0,0,0
2937,-1,12,0,0,34946,CoChange,false,0,0,0
2936,-1,12,0,0,34946,CoChange,false,0,0,0
2935,-1,12,0,0,34702,CoChange,false,0,0,0
2934,-1,12,0,0,34702,CoChange,false,0,0,0
2933,-1,12,0,0,34702,CoChange,false,0,0,0
2932,-1,12,0,0,33523,CoChange,false,0,0,0
2931,-1,12,0,0,33523,CoChange,false,0,0,0
2930,-1,13,0,0,33244,CoChange,false,0,0,0
2929,-1,13,0,0,31527,CoChange,false,0,0,0
2928,-1,13,0,0,28345,CoChange,false,0,0,0
2927,-1,13,0,0,28345,CoChange,false,0,0,0
2926,-1,13,0,0,28148,CoChange,false,0,0,0
2921,-1,13,0,2,24728,CoChange,false,0,0,0
2920,-1,54,1,0,221016,CoChange,false,0,1,0
2919,-1,13,0,0,28148,CoChange,false,0,0,0
2918,-1,13,0,0,28148,CoChange,false,0,0,0
2917,-1,13,0,0,28148,CoChange,false,0,0,0
2916,-1,13,0,0,26845,CoChange,false,0,0,0
2915,-1,13,0,0,26845,CoChange,false,0,0,0
2911,-1,10,1,0,35936,CoChange,false,0,1,0
2908,-1,247,12,19,989394,CoChange,false,0,12,0
2907,-1,209,10,10,852716,CoChange,false,0,9,1
2906,-1,24,2,2,77557,CoChange,false,0,2,0
2905,-1,68,3,1,300500,CoChange,false,0,2,1
2904,-1,68,8,9,232043,CoChange,false,0,3,5
2903,-1,137,11,5,508484,CoChange,false,0,10,1
2898,-1,26,4,6,149340,CoChange,false,0,3,1
2896,-1,31,6,5,96749,CoChange,false,0,6,0
2890,-1,177,3,4,703693,CoChange,false,0,3,0
2888,-1,21,2,3,66742,CoChange,false,0,2,0
2887,-1,7,0,0,28578,CoChange,false,0,0,0
2886,-1,47,0,0,159898,CoChange,false,0,0,0
2883,-1,9,0,0,73936,CoChange,false,0,0,0
2882,-1,9,0,0,73936,CoChange,false,0,0,0
2881,-1,9,0,0,73936,CoChange,false,0,0,0
2880,-1,9,0,0,73936,CoChange,false,0,0,0
2879,334,1,0,0,350,Prefetch,false,0,0,0
2878,-1,9,0,0,75405,CoChange,false,0,0,0
2877,-1,10,1,0,80544,CoChange,false,0,1,0
2876,-1,10,0,0,80544,CoChange,false,0,0,0
2875,-1,16,1,0,121698,CoChange,false,1,0,0
2873,-1,35,3,2,134441,CoChange,false,1,2,0
2872,33,9,2,1,16580,BugEntity,false,1,1,0
2871,247,25,3,3,121026,CoChange,false,1,2,0
2870,57,2,0,1,10,BugEntity,false,0,0,0
2869,34,15,0,1,47789,BugEntity,false,0,0,0
2868,-1,37,3,5,95100,CoChange,false,0,2,1
2867,56,15,0,2,47787,CoChange,false,0,0,0
2866,-1,344,60,31,1807194,CoChange,false,0,51,9
2865,-1,128,3,1,519477,CoChange,false,0,3,0
2864,-1,130,2,2,529608,CoChange,false,0,2,0
2862,-1,167,2,0,794943,CoChange,false,0,2,0
2859,-1,180,12,4,715003,CoChange,false,0,12,0
2858,-1,180,14,1,708444,CoChange,false,0,14,0
2857,-1,182,8,0,720733,CoChange,false,0,8,0
2856,-1,150,10,1,549961,CoChange,false,0,10,0
2855,-1,185,13,6,611473,CoChange,false,0,13,0
2854,-1,209,13,2,701735,CoChange,false,0,13,0
2853,-1,196,9,2,740676,CoChange,false,0,9,0
2852,-1,229,4,3,956575,CoChange,false,0,4,0
2851,-1,200,18,13,991487,CoChange,false,0,17,1
2850,-1,139,8,8,496632,CoChange,false,0,8,0
2849,-1,114,8,1,402301,CoChange,false,0,8,0
2848,-1,116,7,5,391848,CoChange,false,0,6,1
2847,-1,218,9,7,1009053,CoChange,false,0,9,0
2845,-1,262,11,8,1064235,CoChange,false,0,10,1
2844,-1,68,6,3,141670,CoChange,false,0,4,2
2843,-1,203,5,3,753191,CoChange,false,0,5,0
2842,-1,77,1,1,326189,CoChange,false,0,1,0
2841,-1,271,15,7,1028845,CoChange,false,0,13,2
2840,-1,181,6,1,844406,CoChange,false,0,6,0
2839,-1,210,10,1,918484,CoChange,false,0,10,0
2838,-1,182,12,3,844656,CoChange,false,0,12,0
2837,37,67,2,1,155720,CoChange,false,0,2,0
2836,-1,99,4,2,281471,CoChange,false,0,4,0
2835,-1,72,1,1,106240,CoChange,false,0,1,0
2831,-1,155,9,3,685833,CoChange,false,0,9,0
2830,-1,246,8,4,1158589,CoChange,false,0,8,0
2829,-1,24,0,1,64450,CoChange,false,0,0,0
2828,-1,24,0,1,64450,CoChange,false,0,0,0
2827,-1,331,18,5,1463290,CoChange,false,0,18,0
2826,-1,54,2,6,156363,CoChange,false,0,2,0
2825,205,25,1,4,64998,BugEntity,false,0,1,0
2824,-1,20,0,0,49821,CoChange,false,0,0,0
2823,-1,122,10,10,373275,CoChange,false,1,8,1
2822,-1,125,4,2,456804,CoChange,false,1,3,0
2821,-1,178,16,18,756925,CoChange,false,0,10,6
2820,-1,231,4,3,1025855,CoChange,false,0,4,0
2819,-1,14,0,0,18628,CoChange,false,0,0,0
2818,-1,14,0,0,18628,CoChange,false,0,0,0
2805,-1,9,0,0,20503,CoChange,false,0,0,0
2804,-1,9,0,0,20503,CoChange,false,0,0,0
2778,-1,18,0,11,76541,CoChange,false,0,0,0
2765,693,1,0,0,10,Prefetch,false,0,0,0
2764,279,1,0,0,10,Prefetch,false,0,0,0
2763,256,1,0,0,10,Prefetch,false,0,0,0
2762,60,1,0,0,10,Prefetch,false,0,0,0
2761,273,1,0,0,10,Prefetch,false,0,0,0
2760,1766,1,0,0,10,Prefetch,false,0,0,0
2759,287,1,0,0,10,Prefetch,false,0,0,0
2758,950,1,0,0,10,Prefetch,false,0,0,0
2757,126,1,0,0,10,Prefetch,false,0,0,0
2756,281,1,0,0,10,Prefetch,false,0,0,0
2754,-1,10,1,0,1479,CoChange,false,0,1,0
2753,-1,10,0,1,1479,CoChange,false,0,0,0
2752,-1,26,1,1,59713,CoChange,false,0,1,0
2751,-1,3,0,0,628,CoChange,false,0,0,0
2750,-1,40,2,1,92870,CoChange,false,0,2,0
2749,-1,10,1,0,1479,CoChange,false,0,1,0
2748,-1,4,0,0,628,CoChange,false,0,0,0
2747,-1,5,0,0,642,CoChange,false,0,0,0
2714,-1,107,2,4,253323,CoChange,false,0,2,0
2713,-1,207,12,7,689619,CoChange,false,0,8,4
2712,-1,63,3,1,159397,CoChange,false,0,3,0
2709,-1,20,0,0,99294,CoChange,false,0,0,0
2703,-1,6,0,0,922,CoChange,false,0,0,0
2702,-1,32,1,0,64198,CoChange,false,0,1,0
2701,-1,35,0,0,59464,CoChange,false,0,0,0
2700,-1,13,2,0,5104,CoChange,false,0,2,0
2699,-1,35,0,0,59464,CoChange,false,0,0,0
2698,-1,48,2,0,74410,CoChange,false,0,2,0
2697,-1,6,0,0,642,CoChange,false,0,0,0
2696,-1,6,0,0,922,CoChange,false,0,0,0
2695,-1,32,1,0,59589,CoChange,false,0,1,0
2694,-1,11,1,0,922,CoChange,false,0,1,0
2693,-1,12,1,0,2055,CoChange,false,0,1,0
2691,-1,238,5,4,774598,CoChange,false,0,5,0
2689,-1,423,25,20,1506674,CoChange,false,0,23,2
2687,-1,369,37,17,1334871,CoChange,false,0,35,2
2676,-1,216,6,6,488523,CoChange,false,0,6,0
2675,58,12,1,3,25045,CoChange,false,0,1,0
2674,-1,403,18,12,1351170,CoChange,false,0,17,1
2672,-1,70,3,2,176146,CoChange,false,0,3,0
2669,-1,141,13,10,663279,CoChange,false,0,13,0
2668,-1,48,4,10,193420,CoChange,false,0,3,1
2664,-1,2,0,0,298,CoChange,false,0,0,0
2663,-1,30,2,0,81171,CoChange,false,0,2,0
2662,-1,113,2,1,285426,CoChange,false,0,2,0
2661,-1,49,5,3,166912,CoChange,false,0,5,0
2660,-1,67,3,0,210922,CoChange,false,0,3,0
2659,-1,67,3,3,230664,CoChange,false,0,3,0
2655,-1,241,8,2,801945,CoChange,false,0,8,0
2654,-1,41,1,1,116186,CoChange,false,0,1,0
2653,-1,40,0,2,97663,CoChange,false,0,0,0
2652,-1,170,4,2,399520,CoChange,false,0,4,0
2651,-1,692,77,24,3387349,CoChange,false,0,73,4
2649,-1,44,0,0,67629,CoChange,false,0,0,0
2648,414,518,21,8,2136616,CoChange,false,0,20,1
2647,-1,355,5,2,1159070,CoChange,false,0,5,0
2646,-1,330,4,1,748361,CoChange,false,0,4,0
2644,-1,335,14,4,974942,CoChange,false,0,14,0
2643,-1,555,43,13,2020731,CoChange,false,0,42,1
2642,-1,632,31,7,2327717,CoChange,false,0,31,0
2640,-1,118,5,10,380059,CoChange,false,0,4,1
2639,-1,84,1,1,262603,CoChange,false,0,1,0
2637,-1,606,35,7,2241671,CoChange,false,0,35,0
2633,-1,741,115,38,4527649,CoChange,false,0,112,3
2632,-1,12,0,0,18374,CoChange,false,0,0,0
2631,-1,219,4,1,745879,CoChange,false,0,4,0
2630,-1,307,9,2,1003403,CoChange,false,0,9,0
2629,-1,427,12,6,1265846,CoChange,false,0,11,1
2628,-1,778,76,7,3502217,CoChange,false,0,76,0
2627,-1,665,49,27,2834317,CoChange,false,0,40,9
2626,-1,163,3,2,501862,CoChange,false,0,2,1
2625,-1,471,34,13,2640964,CoChange,false,0,32,2
2624,-1,770,31,4,2986086,CoChange,false,0,31,0
2623,-1,256,7,2,699567,CoChange,false,0,7,0
2622,-1,20,1,12,77478,CoChange,false,0,0,1
2621,-1,14,0,1,49079,CoChange,false,0,0,0
2610,-1,3,0,0,1580,CoChange,false,0,0,0
2609,-1,25,0,1,54961,CoChange,false,0,0,0
2608,-1,3,0,0,1580,CoChange,false,0,0,0
2607,-1,3,0,0,1580,CoChange,false,0,0,0
2606,-1,3,0,0,1580,CoChange,false,0,0,0
2605,-1,3,0,0,1580,CoChange,false,0,0,0
2604,-1,3,0,0,1580,CoChange,false,0,0,0
2603,-1,3,0,0,1580,CoChange,false,0,0,0
2602,953,3,0,1,1580,BugEntity,false,0,0,0
2601,-1,3,0,0,1580,CoChange,false,0,0,0
2595,123,46,3,2,86139,BugEntity,false,0,2,1
2593,-1,85,1,1,164563,CoChange,false,0,1,0
2587,-1,162,6,0,496557,CoChange,false,1,5,0
2580,143,1,0,0,1116,CoChange,false,0,0,0
2579,63,1,0,0,1116,CoChange,false,0,0,0
2563,-1,255,10,12,868756,CoChange,false,0,10,0
2562,-1,15,1,0,46910,CoChange,false,0,1,0
2561,-1,14,0,0,44393,CoChange,false,0,0,0
2559,111,20,3,0,66440,CoChange,false,0,3,0
2558,-1,19,0,0,49936,CoChange,false,0,0,0
2557,-1,19,0,0,49936,CoChange,false,0,0,0
2556,-1,19,0,0,49936,CoChange,false,0,0,0
2555,-1,22,2,1,68253,CoChange,false,0,2,0
2554,-1,21,3,1,67175,CoChange,false,0,3,0
2552,-1,386,22,15,1311551,CoChange,false,0,18,4
2551,-1,575,23,16,2797785,CoChange,false,0,23,0
2550,-1,137,11,3,479195,CoChange,false,0,11,0
2547,-1,256,18,10,823056,CoChange,false,0,18,0
2546,-1,340,19,9,1107205,CoChange,false,0,19,0
2513,-1,22,0,0,52818,CoChange,false,0,0,0
2512,-1,361,12,9,1350428,CoChange,false,0,12,0
5558,268,1,1,0,21,Prefetch,true,1,0,0
5557,123,1,0,0,21,Prefetch,true,0,0,0
2474,-1,91,4,6,135722,CoChange,false,0,3,1
2473,-1,2,0,0,2824,CoChange,false,0,0,0
2472,-1,312,11,4,636146,CoChange,false,0,11,0
2471,-1,724,40,10,2189473,CoChange,false,0,39,1
2466,-1,231,3,1,453096,CoChange,false,0,3,0
2465,-1,502,42,15,1412194,CoChange,false,0,33,9
2464,-1,194,5,1,490475,CoChange,false,0,5,0
2463,-1,195,5,1,489653,CoChange,false,0,5,0
2462,-1,348,14,3,769265,CoChange,false,0,14,0
2457,-1,43,0,0,52970,CoChange,false,0,0,0
2456,-1,147,9,5,309796,CoChange,false,0,9,0
2455,-1,97,9,2,194308,CoChange,false,0,9,0
2454,-1,24,4,0,74896,CoChange,false,0,4,0
2453,-1,38,1,4,93468,CoChange,false,0,1,0
2448,-1,32,0,1,20910,CoChange,false,0,0,0
5517,-1,15,1,0,619948,CoChange,false,0,1,0
2446,-1,36,1,5,32258,CoChange,false,0,1,0
5516,-1,8,1,0,442754,CoChange,true,0,1,0
5515,-1,15,2,0,567032,CoChange,false,0,2,0
5498,-1,2,1,0,13839,CoChange,false,0,1,0
5495,-1,16,1,1,604363,CoChange,false,0,1,0
5491,81,1,0,1,17672,BugEntity,false,0,0,0
5488,291,1,1,0,0,CoChange,true,0,1,0
5483,-1,1,1,0,1245,CoChange,false,0,1,0
5481,-1,15,1,0,512426,CoChange,false,0,1,0
5480,-1,15,1,0,512426,CoChange,false,0,1,0
5479,-1,2,3,0,116537,CoChange,true,0,3,0
5475,-1,15,1,0,512426,CoChange,false,0,1,0
5473,-1,16,1,0,736515,CoChange,true,0,1,0
5471,-1,16,1,0,730419,CoChange,true,0,1,0
5459,1512,3,1,3,191285,BugEntity,false,0,0,1
5455,100,1,0,1,27749,BugEntity,false,0,0,0
5453,-1,15,4,4,674113,CoChange,false,1,1,2
5452,-1,2,1,0,2452,CoChange,false,0,1,0
5450,-1,15,2,1,506540,CoChange,false,0,2,0
5447,-1,15,1,0,499068,CoChange,false,0,1,0
5443,-1,3,1,0,67535,CoChange,false,0,1,0
5439,197,1,0,1,49046,BugEntity,false,0,0,0
5436,-1,16,1,1,730052,CoChange,true,0,1,0
5432,-1,3,1,0,69134,CoChange,false,0,1,0
5430,-1,9,1,0,429395,CoChange,true,0,1,0
5429,-1,16,1,0,730052,CoChange,true,0,1,0
5427,-1,2,1,0,74284,CoChange,false,0,1,0
2355,-1,307,8,2,1023249,CoChange,false,0,8,0
5420,-1,15,1,0,499068,CoChange,false,0,1,0
2348,-1,186,4,1,329443,CoChange,false,0,4,0
5415,-1,2,0,1,116537,CoChange,true,0,0,0
5407,-1,15,1,0,730052,CoChange,true,0,1,0
5405,681,1,1,0,3704,CoChange,false,0,1,0
2333,-1,654,22,11,2176637,CoChange,false,0,18,4
5403,-1,2,0,1,1565,CoChange,false,0,0,0
2332,-1,1138,109,10,5331090,CoChange,false,0,107,2
2331,-1,980,35,11,2646891,CoChange,false,0,35,0
2330,-1,80,0,2,101907,CoChange,false,0,0,0
2329,-1,930,30,5,3525835,CoChange,false,1,29,0
2327,-1,11,0,0,6247,CoChange,false,0,0,0
5397,1207,1,0,1,79778,BugEntity,false,0,0,0
2325,-1,65,2,0,119662,CoChange,false,0,2,0
5395,-1,15,1,0,499068,CoChange,false,0,1,0
2324,-1,212,4,2,664997,CoChange,false,0,4,0
5392,1127,1,0,1,5003,BugEntity,false,0,0,0
5390,320,9,2,0,429392,CoChange,true,0,2,0
5389,-1,13,1,0,730052,CoChange,true,0,1,0
2313,-1,315,12,8,608002,CoChange,false,0,11,1
5383,-1,13,2,0,801602,CoChange,true,0,2,0
2312,-1,120,2,0,338764,CoChange,false,0,2,0
5382,337,1,0,1,37338,BugEntity,false,0,0,0
5381,-1,13,1,0,728806,CoChange,true,0,1,0
5377,-1,9,2,1,428100,CoChange,true,0,2,0
2304,-1,338,8,2,779915,CoChange,false,0,8,0
5374,-1,2,1,0,1565,CoChange,false,0,1,0
5372,-1,13,2,0,801602,CoChange,true,0,2,0
5369,-1,16,1,1,533064,CoChange,false,0,1,0
2296,-1,43,9,9,99685,CoChange,false,0,9,0
5365,-1,7,3,0,763117,CoChange,true,0,3,0
2292,-1,19,1,1,27453,CoChange,false,0,1,0
2291,-1,921,35,14,2706723,CoChange,false,0,34,1
5361,-1,6,4,0,759802,CoChange,true,0,4,0
2290,89,1,0,0,234,Prefetch,false,0,0,0
2289,-1,18,0,1,31998,CoChange,false,0,0,0
5359,-1,6,4,0,759802,CoChange,true,0,4,0
2288,-1,115,2,6,274976,CoChange,false,0,2,0
2285,-1,24,0,0,20765,CoChange,false,0,0,0
2284,-1,24,0,1,20765,CoChange,false,0,0,0
5354,324,1,2,0,16666,CoChange,false,0,2,0
5353,-1,15,1,0,499068,CoChange,false,0,1,0
2282,-1,180,2,3,201464,CoChange,false,0,2,0
2281,-1,340,8,11,528539,CoChange,false,0,8,0
5351,-1,14,3,0,499068,CoChange,false,0,3,0
2280,-1,1263,68,5,4972856,CoChange,false,0,68,0
5349,-1,12,3,0,640241,CoChange,true,0,3,0
2278,-1,99,0,0,85000,CoChange,false,0,0,0
2277,-1,1195,30,0,3178855,CoChange,false,0,30,0
2276,-1,741,12,2,2030608,CoChange,false,0,12,0
5346,-1,9,1,0,423068,CoChange,true,0,1,0
2275,-1,752,12,0,1665406,CoChange,false,0,12,0
2274,-1,184,6,3,505520,CoChange,false,0,6,0
2273,-1,160,1,0,182007,CoChange,false,0,1,0
5343,-1,2,1,0,74284,CoChange,false,0,1,0
2272,-1,442,17,6,1323254,CoChange,false,0,17,0
5342,-1,2,1,0,74284,CoChange,false,0,1,0
2271,-1,314,8,2,728844,CoChange,false,0,8,0
2270,57,174,4,2,339241,BugEntity,false,0,4,0
5336,-1,12,2,0,735230,CoChange,true,0,2,0
2262,-1,248,5,3,286409,CoChange,false,0,5,0
2261,-1,271,8,2,948241,CoChange,false,0,8,0
5330,-1,1,1,0,367,CoChange,false,0,1,0
2259,-1,22,1,0,31751,CoChange,false,0,1,0
5328,-1,12,2,0,710784,CoChange,true,0,2,0
2257,-1,1278,89,7,5433270,CoChange,false,0,88,1
2256,-1,812,26,5,2327163,CoChange,false,0,26,0
5326,-1,2,1,0,128361,CoChange,false,0,1,0
2248,-1,1013,41,1,4343220,CoChange,false,0,41,0
5318,192,3,1,1,33193,BugEntity,false,0,1,0
2247,-1,38,1,1,69352,CoChange,false,0,1,0
2242,-1,1022,30,2,3686356,CoChange,false,0,30,0
5305,-1,13,2,0,543451,CoChange,true,0,2,0
5302,-1,13,1,0,695156,CoChange,true,0,1,0
5301,-1,13,1,0,655919,CoChange,true,0,1,0
5300,-1,7,1,0,219638,CoChange,false,0,1,0
5298,-1,7,1,0,219638,CoChange,false,0,1,0
5296,-1,2,0,0,104820,CoChange,false,0,0,0
5295,-1,9,0,0,680130,CoChange,true,0,0,0
5291,-1,1,10,0,967989,Prefetch,true,10,0,0
5289,-1,9,0,0,829279,CoChange,true,0,0,0
5288,-1,11,3,0,946895,CoChange,true,0,3,0
5287,-1,8,0,0,890234,CoChange,true,0,0,0
5286,-1,8,1,0,918164,CoChange,true,0,1,0
5285,-1,9,1,0,967128,CoChange,true,0,1,0
5284,-1,8,0,0,948393,CoChange,true,0,0,0
5283,-1,8,0,0,941981,CoChange,true,0,0,0
5282,-1,8,0,0,942022,CoChange,true,0,0,0
5281,-1,8,0,0,942022,CoChange,true,0,0,0
5280,-1,7,5,0,965679,CoChange,true,0,5,0
5279,-1,4,1,0,949843,CoChange,true,0,1,0
5278,-1,4,2,0,949843,CoChange,true,0,2,0
5277,-1,9,0,0,890192,CoChange,true,0,0,0
5276,-1,10,0,0,907478,CoChange,true,0,0,0
5275,-1,9,0,0,907478,CoChange,true,0,0,0
5274,-1,9,0,0,907478,CoChange,true,0,0,0
5273,-1,9,0,0,907478,CoChange,true,0,0,0
5272,-1,9,0,0,908926,CoChange,true,0,0,0
5271,-1,8,0,0,967128,CoChange,true,0,0,0
5269,-1,8,0,0,967128,CoChange,true,0,0,0
5268,-1,8,0,0,967128,CoChange,true,0,0,0
5267,-1,8,0,0,967122,CoChange,true,0,0,0
5266,-1,8,0,0,967122,CoChange,true,0,0,0
5264,-1,7,0,0,967123,CoChange,true,0,0,0
5263,-1,7,0,0,967123,CoChange,true,0,0,0
5262,-1,7,0,0,967123,CoChange,true,0,0,0
5261,-1,7,0,0,967123,CoChange,true,0,0,0
5260,-1,6,0,0,964334,CoChange,true,0,0,0
5259,-1,6,1,0,964334,CoChange,true,0,1,0
5258,-1,6,0,0,964334,CoChange,true,0,0,0
5257,-1,5,1,0,967129,CoChange,true,0,1,0
5256,-1,5,0,0,967129,CoChange,true,0,0,0
2129,-1,24,0,2,41598,CoChange,false,0,0,0
2128,-1,8,0,0,11465,CoChange,false,0,0,0
2127,-1,8,0,0,11465,CoChange,false,0,0,0
2126,-1,8,0,0,11465,CoChange,false,0,0,0
2125,-1,9,0,0,11731,CoChange,false,0,0,0
2087,-1,53,4,0,76123,CoChange,false,0,4,0
2075,-1,107,10,0,299520,CoChange,false,0,10,0
2074,-1,58,2,0,119843,CoChange,false,0,2,0
2073,-1,28,1,0,24637,CoChange,false,0,1,0
2072,-1,97,6,0,294551,CoChange,false,0,6,0
2071,-1,37,4,0,27107,CoChange,false,0,4,0
2070,-1,65,3,0,122146,CoChange,false,0,3,0
2069,-1,65,3,0,122058,CoChange,false,0,3,0
2068,-1,35,1,0,25425,CoChange,false,0,1,0
2067,-1,35,1,0,25425,CoChange,false,0,1,0
2066,-1,16,0,0,19958,CoChange,false,0,0,0
2065,-1,131,10,1,332718,CoChange,false,0,10,0
2064,-1,93,6,1,145573,CoChange,false,0,6,0
2063,-1,41,5,0,24139,CoChange,false,0,5,0
2062,-1,70,4,1,99021,CoChange,false,0,4,0
2061,-1,42,2,0,25523,CoChange,false,0,2,0
2060,-1,74,0,7,187050,CoChange,false,0,0,0
2059,-1,72,5,0,182036,CoChange,false,0,5,0
2058,-1,24,0,0,21133,CoChange,false,0,0,0
2057,-1,251,8,10,557851,CoChange,false,0,8,0
2056,-1,112,1,0,332626,CoChange,false,0,1,0
2055,-1,47,8,0,33325,CoChange,false,0,8,0
2054,-1,47,4,0,31865,CoChange,false,0,4,0
2053,-1,47,5,0,31865,CoChange,false,0,5,0
2052,-1,44,1,0,32861,CoChange,false,0,1,0
2051,-1,33,0,0,27213,CoChange,false,0,0,0
2050,-1,186,12,2,287478,CoChange,false,0,12,0
2049,-1,127,6,1,270823,CoChange,false,0,6,0
2048,-1,122,2,0,332102,CoChange,false,0,2,0
2047,-1,4,1,0,28,CoChange,false,0,1,0
2046,-1,8,1,0,3327,CoChange,false,0,1,0
2045,-1,26,3,0,8933,CoChange,false,0,3,0
2044,-1,39,4,0,65637,CoChange,false,0,4,0
2043,-1,42,7,0,46702,CoChange,false,0,7,0
2042,-1,45,9,0,103349,CoChange,false,0,9,0
2041,-1,30,5,0,9796,CoChange,false,0,5,0
2039,-1,16,2,0,4204,CoChange,false,0,2,0
2038,-1,27,3,0,6654,CoChange,false,0,3,0
2037,-1,27,3,0,6448,CoChange,false,0,3,0
2036,-1,27,3,0,6448,CoChange,false,0,3,0
2035,-1,28,5,0,7366,CoChange,false,0,5,0
2034,-1,8,1,0,3327,CoChange,false,0,1,0
2032,-1,26,2,0,10732,CoChange,false,0,2,0
2029,-1,20,2,0,7228,CoChange,false,0,2,0
2028,-1,11,1,0,4192,CoChange,false,0,1,0
2027,-1,5,1,0,1745,CoChange,false,0,1,0
2026,-1,31,6,0,13712,CoChange,false,0,6,0
2025,-1,8,1,0,2878,CoChange,false,0,1,0
2024,-1,32,4,0,16285,CoChange,false,0,4,0
2023,-1,30,3,0,10671,CoChange,false,0,3,0
2022,-1,30,2,1,72042,CoChange,false,0,2,0
2021,-1,27,5,0,15158,CoChange,false,0,5,0
2020,-1,16,2,0,12751,CoChange,false,0,2,0
2019,-1,26,2,0,15653,CoChange,false,0,2,0
2018,-1,20,1,0,14577,CoChange,false,0,1,0
2017,-1,29,2,0,17361,CoChange,false,0,2,0
2016,-1,30,2,0,17458,CoChange,false,0,2,0
2015,-1,33,2,0,17281,CoChange,false,0,2,0
2014,-1,32,3,0,14661,CoChange,false,0,3,0
2013,-1,33,4,0,14943,CoChange,false,0,4,0
2012,-1,33,4,0,14661,CoChange,false,0,4,0
2011,-1,34,4,0,14943,CoChange,false,0,4,0
2010,-1,33,4,0,14661,CoChange,false,0,4,0
2009,-1,32,4,0,15441,CoChange,false,0,4,0
2008,-1,21,1,0,11901,CoChange,false,0,1,0
2007,-1,34,3,0,14661,CoChange,false,0,3,0
2006,-1,33,5,0,14661,CoChange,false,0,5,0
2005,-1,22,0,0,13361,CoChange,false,0,0,0
2001,-1,58,1,0,73539,CoChange,false,0,1,0
2000,-1,351,11,6,675736,CoChange,false,0,11,0
1999,-1,377,9,3,708256,CoChange,false,0,9,0
1998,-1,115,6,3,240913,CoChange,false,0,6,0
1997,-1,337,10,21,632782,CoChange,false,0,9,1
1996,-1,355,22,3,994764,CoChange,false,0,22,0
1941,-1,20,0,0,45802,CoChange,false,0,0,0
1940,-1,21,0,0,45802,CoChange,false,0,0,0
1939,-1,26,1,0,48446,CoChange,false,0,1,0
1938,-1,1097,145,13,5850736,CoChange,false,0,143,2
1937,-1,161,2,0,252145,CoChange,false,0,2,0
1936,-1,1063,32,4,3716476,CoChange,false,0,32,0
1935,-1,94,1,0,319878,CoChange,false,0,1,0
1934,-1,580,6,0,1079620,CoChange,false,0,6,0
1933,-1,994,91,330,6253039,CoChange,false,0,75,16
1932,-1,1251,77,4,4944535,CoChange,false,0,77,0
5001,-1,13,1,0,677970,CoChange,false,0,1,0
1930,-1,1042,43,6,3909988,CoChange,false,0,43,0
1929,-1,1282,73,23,5240440,CoChange,false,0,68,5
4999,688,2,0,2,85353,BugEntity,false,0,0,0
1928,-1,547,10,2,930773,CoChange,false,0,10,0
4998,488,13,2,0,623260,CoChange,false,0,2,0
1927,81,72,3,3,155232,BugEntity,false,0,3,0
1926,-1,909,35,2,2297668,CoChange,false,0,35,0
4996,-1,12,4,0,650165,CoChange,false,0,4,0
1925,-1,171,3,0,288756,CoChange,false,0,3,0
1924,-1,437,28,2,1281006,CoChange,false,0,28,0
4994,-1,13,1,0,677970,CoChange,false,0,1,0
1923,-1,227,6,3,380376,CoChange,false,0,6,0
1922,-1,400,16,1,949831,CoChange,false,0,16,0
4992,113,1,0,1,1455,BugEntity,false,0,0,0
1921,-1,176,5,0,400230,CoChange,false,0,5,0
1920,1207,1263,80,10,5488544,CoChange,false,0,78,2
1919,-1,1146,36,3,3313385,CoChange,false,0,36,0
1918,-1,1215,100,13,5593547,CoChange,false,0,97,3
1917,-1,1012,21,0,2441300,CoChange,false,0,21,0
1916,-1,1268,69,14,5323935,CoChange,false,0,67,2
1915,-1,915,16,3,2443318,CoChange,false,0,16,0
1914,-1,1332,59,2,4344362,CoChange,false,0,59,0
4984,168,1,0,1,27617,BugEntity,false,0,0,0
1913,-1,219,8,5,443347,CoChange,false,0,8,0
1912,-1,194,4,1,307815,CoChange,false,0,4,0
1911,-1,230,6,0,639904,CoChange,false,0,6,0
1910,-1,218,8,3,500719,CoChange,false,0,8,0
1909,-1,810,29,2,2850742,CoChange,false,0,29,0
4979,115,1,0,1,33194,BugEntity,false,0,0,0
1908,-1,232,8,3,678807,CoChange,false,0,8,0
1906,12,2,0,2,6383,BugEntity,false,0,0,0
1905,-1,83,5,4,112699,CoChange,false,0,5,0
1904,49,1,0,1,7146,BugEntity,false,0,0,0
1903,40,32,1,1,21345,BugEntity,false,0,1,0
1902,-1,694,29,9,3283600,CoChange,false,0,29,0
4972,-1,2,1,0,143133,CoChange,false,0,1,0
1901,-1,651,16,3,2434923,CoChange,false,0,16,0
1900,-1,1125,52,1,5100186,CoChange,false,0,52,0
1899,-1,226,5,3,801073,CoChange,false,0,5,0
1898,-1,398,6,0,988053,CoChange,false,0,6,0
1897,-1,1093,37,4,4075752,CoChange,false,0,37,0
1896,-1,786,11,0,1745099,CoChange,false,0,11,0
4965,168,1,2,1,58783,BugEntity,false,0,0,2
4963,-1,2,1,0,367,CoChange,false,0,1,0
4961,-1,2,2,0,116537,CoChange,true,0,2,0
1890,-1,990,21,5,3082172,CoChange,false,0,21,0
4960,-1,4,1,0,143555,CoChange,false,0,1,0
1889,-1,836,31,6,2189394,CoChange,false,0,30,1
1888,-1,1280,23,1,4438053,CoChange,false,0,23,0
1887,743,894,49,6,2967121,CoChange,false,0,48,1
1886,-1,603,13,1,1701184,CoChange,false,0,13,0
1885,-1,616,10,0,897416,CoChange,false,0,10,0
1884,-1,268,5,2,506363,CoChange,false,0,5,0
1883,-1,712,28,0,2051696,CoChange,false,0,28,0
4953,-1,13,1,0,677970,CoChange,false,0,1,0
1882,-1,726,40,5,2796964,CoChange,false,0,40,0
4952,-1,12,2,0,670350,CoChange,false,0,2,0
1881,-1,1246,43,1,4582376,CoChange,false,0,43,0
4951,733,2,0,2,41358,BugEntity,false,0,0,0
1880,-1,923,10,0,2116908,CoChange,false,0,10,0
1879,-1,746,19,1,1975484,CoChange,false,0,19,0
1878,-1,801,8,0,1641008,CoChange,false,0,8,0
1877,-1,636,9,2,1639863,CoChange,false,0,9,0
4947,-1,15,3,1,641755,CoChange,false,0,2,1
1876,-1,926,19,3,2685971,CoChange,false,0,19,0
1875,-1,50,3,2,101356,CoChange,false,0,3,0
4945,-1,4,2,0,112619,CoChange,false,0,2,0
1874,-1,140,2,0,235406,CoChange,false,0,2,0
4944,-1,14,4,1,715103,CoChange,true,0,2,2
1873,-1,15,1,0,10124,CoChange,false,0,1,0
1872,-1,30,3,0,77653,CoChange,false,0,3,0
4942,-1,17,1,0,699260,CoChange,true,0,1,0
1871,-1,28,1,0,20074,CoChange,false,0,1,0
1870,-1,15,1,0,10124,CoChange,false,0,1,0
1869,-1,15,1,0,9180,CoChange,false,0,1,0
1868,-1,15,1,1,9180,CoChange,false,0,1,0
1867,-1,99,7,7,309413,CoChange,false,0,7,0
1866,-1,213,3,0,342728,CoChange,false,0,3,0
1865,-1,353,5,6,810771,CoChange,false,0,5,0
4935,-1,16,1,0,699260,CoChange,true,0,1,0
4934,385,1,0,1,5508,BugEntity,false,0,0,0
4932,221,1,0,1,9568,BugEntity,false,0,0,0
4930,-1,2,1,0,135028,CoChange,false,0,1,0
1859,-1,988,391,115,6231327,CoChange,false,1,361,29
4929,-1,15,2,0,699260,CoChange,true,0,2,0
1858,-1,952,28,4,2909404,CoChange,false,0,28,0
4928,-1,16,1,0,699260,CoChange,true,0,1,0
1857,-1,1164,94,3,5925351,CoChange,false,0,94,0
1856,-1,200,4,5,375690,CoChange,false,0,4,0
4926,-1,13,1,0,598374,CoChange,false,0,1,0
1855,-1,1251,77,3,5533054,CoChange,false,0,75,2
1854,-1,604,20,5,2366963,CoChange,false,0,20,0
4924,-1,15,4,1,722322,CoChange,true,0,2,2
1853,-1,595,14,7,1365414,CoChange,false,0,14,0
1852,-1,1233,77,4,5551572,CoChange,false,0,77,0
1851,-1,124,1,1,536614,CoChange,false,0,1,0
1850,-1,103,5,7,160441,CoChange,false,0,4,1
1849,-1,610,8,1,1503196,CoChange,false,0,8,0
1848,-1,1216,88,8,5862561,CoChange,false,0,87,1
1847,-1,867,26,1,2479560,CoChange,false,0,26,0
4917,-1,16,1,0,646577,CoChange,true,0,1,0
1846,-1,169,4,1,427735,CoChange,false,0,4,0
4916,-1,5,3,0,925801,CoChange,true,0,3,0
1845,-1,593,16,8,1095900,CoChange,false,0,14,2
1844,-1,51,2,0,40090,CoChange,false,0,2,0
4914,36,1,0,1,95001,BugEntity,false,0,0,0
1843,-1,443,4,1,870887,CoChange,false,0,4,0
1842,-1,1294,57,6,5525615,CoChange,false,0,57,0
1841,-1,86,1,0,158391,CoChange,false,0,1,0
1840,-1,816,11,2,1963427,CoChange,false,0,11,0
1839,-1,678,11,3,2094232,CoChange,false,0,11,0
1838,-1,837,25,6,2452633,CoChange,false,0,22,3
4908,-1,16,1,0,646577,CoChange,true,0,1,0
1837,-1,1286,53,2,5106009,CoChange,false,0,53,0
4907,522,1,0,1,9549,BugEntity,false,0,0,0
1836,-1,478,10,2,1447652,CoChange,false,0,10,0
4906,-1,15,2,0,697374,CoChange,true,0,2,0
1835,-1,1296,32,2,5067484,CoChange,false,0,32,0
4905,132,1,1,1,58773,BugEntity,false,0,0,1
1834,-1,576,9,3,1355162,CoChange,false,0,9,0
4904,-1,16,1,0,633543,CoChange,true,0,1,0
1833,-1,655,12,10,1246497,CoChange,false,0,10,2
4903,-1,3,0,3,61327,BugEntity,false,0,0,0
1832,-1,1027,26,2,3786511,CoChange,false,0,26,0
1831,-1,1234,20,3,3399462,CoChange,false,0,20,0
1830,-1,800,28,10,2915561,CoChange,false,0,28,0
1829,-1,452,9,2,1075222,CoChange,false,0,9,0
1828,-1,966,20,1,3270997,CoChange,false,0,20,0
4898,-1,15,1,0,633543,CoChange,true,0,1,0
1827,-1,683,14,1,2213947,CoChange,false,0,14,0
1826,-1,34,8,1,144197,CoChange,false,0,4,4
1825,-1,696,11,0,1785675,CoChange,false,0,11,0
1824,-1,726,12,0,2499419,CoChange,false,0,12,0
1823,-1,290,5,2,519411,CoChange,false,0,5,0
1822,-1,1105,154,18,5970012,CoChange,false,0,152,2
1821,-1,729,9,1,1645938,CoChange,false,0,9,0
1820,-1,279,2,0,423938,CoChange,false,0,2,0
1819,-1,1305,45,6,4970018,CoChange,false,0,44,1
1818,-1,1087,16,2,2957190,CoChange,false,0,15,1
1817,-1,1159,50,5,5464778,CoChange,false,0,50,0
1816,-1,433,13,7,874383,CoChange,false,0,12,1
1815,-1,337,14,4,1429744,CoChange,false,0,12,2
1814,-1,1268,39,1,5520358,CoChange,false,0,39,0
1813,-1,218,6,2,371542,CoChange,false,0,6,0
1812,-1,207,4,1,335466,CoChange,false,0,4,0
1811,-1,975,24,10,2563494,CoChange,false,0,23,1
1810,-1,444,5,1,930646,CoChange,false,0,5,0
4879,424,1,0,1,114416,BugEntity,false,0,0,0
1806,-1,53,1,0,198828,CoChange,false,0,1,0
4876,-1,3,1,0,200266,CoChange,false,0,1,0
1805,-1,1251,66,6,5281803,CoChange,false,0,66,0
1804,-1,1027,177,30,6120234,CoChange,false,0,177,0
1803,-1,1340,32,2,4733350,CoChange,false,0,32,0
1802,-1,1161,104,7,5801074,CoChange,false,0,104,0
1801,-1,1303,44,3,4778558,CoChange,false,0,43,1
4871,-1,7,1,0,202928,CoChange,true,0,1,0
1800,-1,226,2,0,531006,CoChange,false,0,2,0
1799,-1,1128,20,1,3827954,CoChange,false,0,20,0
1796,-1,163,2,0,299364,CoChange,false,0,2,0
1795,-1,1037,238,30,6206223,CoChange,false,0,237,1
1794,-1,1156,64,5,5772230,CoChange,false,0,64,0
4864,-1,2,1,0,74284,CoChange,false,0,1,0
1793,-1,951,54,4,5239317,CoChange,false,0,54,0
1792,-1,518,5,0,1112122,CoChange,false,0,5,0
4862,-1,7,5,0,908061,CoChange,true,2,3,0
1791,-1,517,14,2,1693065,CoChange,false,0,14,0
1790,-1,375,8,2,1369653,CoChange,false,0,8,0
1789,-1,752,30,10,1967305,CoChange,false,0,28,2
1788,-1,1084,188,24,6036252,CoChange,false,0,185,3
1787,-1,612,7,3,1387941,CoChange,false,0,7,0
1786,-1,1209,48,4,5512563,CoChange,false,0,48,0
1785,-1,1292,39,6,5565809,CoChange,false,0,39,0
1784,-1,1083,160,17,5983935,CoChange,false,0,160,0
1783,-1,1168,34,3,3957233,CoChange,false,0,33,1
1782,-1,1163,55,7,4257849,CoChange,false,0,54,1
1781,-1,1163,146,5,5760661,CoChange,false,0,142,4
1780,-1,695,21,4,2048666,CoChange,false,0,19,2
1779,-1,1262,34,0,5182381,CoChange,false,0,34,0
1778,-1,500,6,0,1119350,CoChange,false,0,6,0
1777,-1,230,7,2,577118,CoChange,false,0,7,0
1776,-1,334,4,2,850917,CoChange,false,0,4,0
1775,-1,1167,34,3,4721765,CoChange,false,0,34,0
1774,-1,1018,262,89,6184112,CoChange,false,0,255,7
1773,-1,1075,18,2,3361540,CoChange,false,0,18,0
1772,-1,1287,53,6,5545866,CoChange,false,0,53,0
1771,-1,764,12,2,2023230,CoChange,false,0,12,0
1770,-1,695,8,2,1911875,CoChange,false,0,8,0
1769,-1,1161,24,6,3340626,CoChange,false,0,23,1
1768,-1,1057,15,2,2894130,CoChange,false,0,15,0
4765,-1,13,1,0,589980,CoChange,false,0,1,0
4755,2107,1,0,0,42263,Prefetch,false,0,0,0
4753,5815,1,0,0,42263,Prefetch,false,0,0,0
1652,-1,87,4,0,165378,CoChange,false,0,4,0
1651,-1,79,1,0,146615,CoChange,false,0,1,0
1650,-1,127,5,2,270625,CoChange,false,0,5,0
1649,-1,97,3,0,180276,CoChange,false,0,3,0
1648,-1,102,0,0,183994,CoChange,false,0,0,0
1647,-1,106,2,0,184463,CoChange,false,0,2,0
1645,-1,262,6,9,896976,CoChange,false,0,5,1
1641,-1,351,3,0,785240,CoChange,false,0,3,0
1635,-1,164,0,0,228972,CoChange,false,0,0,0
1634,-1,171,0,0,246416,CoChange,false,0,0,0
1629,-1,329,4,1,666603,CoChange,false,0,4,0
1628,-1,192,2,0,434165,CoChange,false,0,2,0
1627,-1,963,19,2,2087973,CoChange,false,0,19,0
1614,-1,694,10,3,1748377,CoChange,false,0,10,0
1613,-1,185,2,0,399874,CoChange,false,0,2,0
4683,287,1,1,1,103118,BugEntity,false,0,0,1
1612,-1,519,14,19,1234122,CoChange,false,0,12,2
4682,-1,13,1,0,543397,CoChange,false,0,1,0
1611,-1,457,5,0,1114635,CoChange,false,0,5,0
4681,473,1,1,0,33157,CoChange,false,0,1,0
1610,-1,255,7,2,512295,CoChange,false,0,7,0
4680,-1,13,1,0,470502,CoChange,false,0,1,0
1609,-1,351,11,8,646565,CoChange,false,0,11,0
4679,-1,13,2,0,811013,CoChange,true,0,2,0
1608,-1,224,2,0,456745,CoChange,false,0,2,0
1607,-1,489,5,0,1175739,CoChange,false,0,5,0
1606,-1,200,0,0,347081,CoChange,false,0,0,0
1605,-1,215,0,0,385886,CoChange,false,0,0,0
1604,-1,224,0,0,398356,CoChange,false,0,0,0
1603,-1,234,0,0,402827,CoChange,false,0,0,0
1602,-1,239,0,0,407368,CoChange,false,0,0,0
1601,-1,252,0,0,429773,CoChange,false,0,0,0
4671,-1,4,2,0,925724,CoChange,true,0,2,0
1600,-1,261,1,0,423969,CoChange,false,0,1,0
1599,-1,269,0,0,429652,CoChange,false,0,0,0
1598,-1,282,0,0,453024,CoChange,false,0,0,0
1597,-1,290,0,0,482682,CoChange,false,0,0,0
1596,-1,302,0,0,488232,CoChange,false,0,0,0
4666,-1,14,3,2,435151,CoChange,false,0,3,0
1595,-1,306,0,0,553534,CoChange,false,0,0,0
1594,-1,308,1,0,552814,CoChange,false,0,1,0
1593,-1,315,2,0,564130,CoChange,false,0,2,0
1592,-1,322,1,0,579098,CoChange,false,0,1,0
1591,-1,483,3,0,831009,CoChange,false,0,3,0
4661,-1,2,1,0,84734,CoChange,false,0,1,0
1590,-1,330,0,0,583402,CoChange,false,0,0,0
1589,-1,335,0,0,585372,CoChange,false,0,0,0
1588,-1,337,0,0,645627,CoChange,false,0,0,0
4658,-1,7,1,0,202928,CoChange,true,0,1,0
1587,-1,346,1,1,662810,CoChange,false,0,1,0
4656,-1,2,1,0,13839,CoChange,false,0,1,0
1585,-1,368,0,0,720473,CoChange,false,0,0,0
4655,-1,8,3,0,908061,CoChange,true,2,1,0
1584,-1,375,0,0,782491,CoChange,false,0,0,0
1583,-1,378,0,0,782491,CoChange,false,0,0,0
1582,-1,392,0,0,800798,CoChange,false,0,0,0
1581,-1,397,0,0,801892,CoChange,false,0,0,0
4651,-1,15,1,0,611710,CoChange,true,0,1,0
1580,-1,414,1,0,829773,CoChange,false,0,1,0
4649,-1,8,5,0,852970,CoChange,true,0,5,0
4648,1638,5,2,4,267942,BugEntity,false,0,1,1
4646,-1,16,1,1,683413,CoChange,true,0,0,1
4640,-1,14,2,0,788307,CoChange,true,0,2,0
4639,-1,16,1,0,746504,CoChange,true,0,1,0
4637,-1,8,1,0,442754,CoChange,true,0,1,0
4635,-1,7,2,3,255343,CoChange,false,1,1,0
4634,-1,2,1,0,74284,CoChange,false,0,1,0
4632,-1,14,4,0,817723,CoChange,true,0,4,0
4626,-1,4,1,0,112619,CoChange,false,0,1,0
4624,-1,16,1,0,787215,CoChange,true,1,0,0
4620,-1,16,1,0,744952,CoChange,true,0,1,0
4614,-1,1,1,0,118988,CoChange,false,0,1,0
4613,545,1,3,0,118988,CoChange,false,0,3,0
4612,-1,1,1,0,118988,CoChange,false,0,1,0
4611,1545,1,1,1,118988,BugEntity,false,0,0,1
4610,-1,1,1,0,118988,CoChange,false,0,1,0
4609,-1,1,1,0,118988,CoChange,false,0,1,0
4608,462,1,2,0,118988,CoChange,false,0,2,0
1534,-1,10,0,0,16656,CoChange,false,0,0,0
1528,1,1,0,0,414,CoChange,false,0,0,0
1522,2,1,0,0,0,CoChange,false,0,0,0
1510,204,1,0,0,0,Prefetch,false,0,0,0
1509,442,1,0,0,0,Prefetch,false,0,0,0
1508,64,1,0,0,0,CoChange,false,0,0,0
1507,1480,1,0,0,0,Prefetch,false,0,0,0
1506,71,1,0,0,0,CoChange,false,0,0,0
1505,188,1,0,0,0,Prefetch,false,0,0,0
1504,337,1,0,0,0,Prefetch,false,0,0,0
1499,9,1,0,0,0,CoChange,false,0,0,0
1497,6,1,0,0,0,CoChange,false,0,0,0
1496,9,1,0,0,0,CoChange,false,0,0,0
1495,4,1,0,0,0,CoChange,false,0,0,0
1494,7,1,0,0,0,CoChange,false,0,0,0
1492,5,1,0,0,0,CoChange,false,0,0,0
1491,8,1,0,0,0,CoChange,false,0,0,0
1490,7,1,0,0,0,CoChange,false,0,0,0
1489,5,1,0,0,0,CoChange,false,0,0,0
1488,5,1,0,0,0,CoChange,false,0,0,0
1487,6,1,0,0,0,CoChange,false,0,0,0
1486,5,1,0,0,0,CoChange,false,0,0,0
1485,5,1,0,0,0,CoChange,false,0,0,0
1484,7,1,0,0,0,CoChange,false,0,0,0
1483,8,1,0,0,0,CoChange,false,0,0,0
1482,5,1,0,0,0,CoChange,false,0,0,0
1480,7,1,0,0,0,CoChange,false,0,0,0
1479,9,1,0,0,0,CoChange,false,0,0,0
1478,5,1,0,0,0,CoChange,false,0,0,0
1477,8,1,0,0,0,CoChange,false,0,0,0
1476,10,1,0,0,0,CoChange,false,0,0,0
1475,15,1,0,0,0,CoChange,false,0,0,0
1474,11,1,0,0,0,CoChange,false,0,0,0
1473,8,1,0,0,0,CoChange,false,0,0,0
1464,348,1,0,0,0,Prefetch,false,0,0,0
1463,76,1,0,0,414,CoChange,false,0,0,0
1461,155,1,0,0,0,Prefetch,false,0,0,0
1460,167,1,0,0,0,Prefetch,false,0,0,0
1459,355,1,0,0,0,Prefetch,false,0,0,0
1458,62,1,0,0,0,CoChange,false,0,0,0
1457,468,1,0,0,0,Prefetch,false,0,0,0
1447,33,1,0,0,14,Prefetch,false,0,0,0
1444,-1,2,0,0,0,CoChange,false,0,0,0
1443,153,2,1,0,0,CoChange,false,0,1,0
1442,15,2,1,0,335,CoChange,false,0,1,0
1441,-1,7,1,0,2712,CoChange,false,0,1,0
1440,-1,7,0,0,2712,CoChange,false,0,0,0
1439,-1,5,2,1,22382,CoChange,false,0,2,0
1434,106,3,1,1,13,CoChange,false,0,1,0
1432,-1,4,1,0,1,CoChange,false,0,1,0
1425,146,1,0,0,849,Prefetch,false,0,0,0
1423,-1,7,2,3,3574,CoChange,false,0,2,0
1422,115,1,0,0,20118,Prefetch,false,0,0,0
1421,411,1,0,0,0,Prefetch,false,0,0,0
1418,-1,2,0,0,0,CoChange,false,0,0,0
1417,-1,2,0,0,0,CoChange,false,0,0,0
1416,-1,2,0,0,0,CoChange,false,0,0,0
1415,-1,2,0,0,0,CoChange,false,0,0,0
1414,334,1,0,0,0,Prefetch,false,0,0,0
1413,-1,2,0,0,0,CoChange,false,0,0,0
1412,134,2,1,0,24141,CoChange,false,0,1,0
1411,-1,2,0,0,24141,CoChange,false,0,0,0
1410,402,2,0,1,24141,BugEntity,false,0,0,0
1408,176,2,2,0,2047,CoChange,false,1,1,0
1407,33,2,2,0,2047,CoChange,false,1,1,0
1406,-1,7,2,1,15190,CoChange,false,2,0,0
1405,57,1,0,0,10,Prefetch,false,0,0,0
1404,-1,3,0,0,9111,CoChange,false,0,0,0
1403,217,3,0,2,8070,BugEntity,false,0,0,0
1402,-1,3,0,0,9111,CoChange,false,0,0,0
1401,2544,20,1,4,25094,CoChange,false,0,0,1
1400,-1,13,1,0,8676,CoChange,false,0,1,0
1399,-1,13,1,0,8676,CoChange,false,0,1,0
1397,-1,15,0,0,43632,CoChange,false,0,0,0
1394,-1,28,6,2,6104,CoChange,false,0,6,0
1393,-1,29,7,0,6104,CoChange,false,0,7,0
1392,-1,30,5,0,8421,CoChange,false,0,5,0
1391,-1,24,3,0,5641,CoChange,false,0,3,0
1390,254,24,6,4,22597,CoChange,false,0,6,0
1389,-1,30,5,1,6172,CoChange,false,0,5,0
1388,-1,30,5,0,6172,CoChange,false,0,5,0
1386,-1,31,3,1,24394,CoChange,false,0,3,0
1385,-1,12,3,5,18330,CoChange,false,0,2,1
1384,-1,12,2,1,18330,CoChange,false,0,2,0
1383,-1,11,1,0,18330,CoChange,false,0,1,0
1382,-1,11,1,0,18330,CoChange,false,0,1,0
1381,-1,20,2,5,33320,CoChange,false,0,2,0
1379,-1,13,0,2,2780,CoChange,false,0,0,0
1378,-1,5,0,0,1593,CoChange,false,0,0,0
1377,-1,18,0,1,10269,CoChange,false,0,0,0
1376,-1,12,0,0,4274,CoChange,false,0,0,0
1375,-1,37,3,2,14283,CoChange,false,0,3,0
1374,-1,13,1,0,1750,CoChange,false,0,1,0
1373,-1,28,2,0,10740,CoChange,false,0,2,0
1372,-1,14,2,1,1750,CoChange,false,0,2,0
1371,-1,18,0,0,3998,CoChange,false,0,0,0
1370,-1,20,1,1,12068,CoChange,false,0,1,0
1369,-1,18,0,0,3998,CoChange,false,0,0,0
1365,-1,23,4,1,18100,CoChange,false,0,4,0
1364,-1,23,4,0,11610,CoChange,false,0,4,0
1363,-1,11,0,0,50,CoChange,false,0,0,0
1362,-1,11,0,0,50,CoChange,false,0,0,0
1361,-1,49,8,2,44608,CoChange,false,0,8,0
1360,352,4,0,3,18930,BugEntity,false,0,0,0
1359,-1,5,1,1,0,CoChange,false,0,1,0
1358,-1,7,0,0,4687,CoChange,false,0,0,0
1357,-1,11,1,4,10490,CoChange,false,0,1,0
1356,-1,14,2,0,6992,CoChange,false,0,2,0
1355,-1,18,2,5,8407,CoChange,false,0,1,1
1354,-1,15,2,0,10058,CoChange,false,0,2,0
1353,916,1,0,0,46,Prefetch,false,0,0,0
1352,322,1,0,0,46,Prefetch,false,0,0,0
1333,71,1,0,0,52,Prefetch,false,0,0,0
1332,57,1,0,0,52,Prefetch,false,0,0,0
1306,193,3,0,2,2401,BugEntity,false,0,0,0
1292,693,1,0,0,10,Prefetch,false,0,0,0
1291,279,1,0,0,10,Prefetch,false,0,0,0
1290,256,1,0,0,10,Prefetch,false,0,0,0
1289,60,1,0,0,10,Prefetch,false,0,0,0
1288,273,1,0,0,10,Prefetch,false,0,0,0
1287,1766,1,0,0,10,Prefetch,false,0,0,0
1286,287,1,0,0,10,Prefetch,false,0,0,0
1285,950,1,0,0,10,Prefetch,false,0,0,0
1284,126,1,0,0,10,Prefetch,false,0,0,0
1283,281,1,0,0,10,Prefetch,false,0,0,0
1279,-1,2,0,0,0,CoChange,false,0,0,0
1278,-1,2,0,0,0,CoChange,false,0,0,0
1277,-1,2,0,0,0,CoChange,false,0,0,0
1276,-1,2,0,0,0,CoChange,false,0,0,0
1275,-1,11,0,1,651,CoChange,false,0,0,0
1274,-1,2,0,0,0,CoChange,false,0,0,0
1273,-1,2,0,0,0,CoChange,false,0,0,0
1272,-1,2,0,0,0,CoChange,false,0,0,0
1237,-1,41,1,3,17601,CoChange,false,0,1,0
1236,275,18,2,2,4169,BugEntity,false,0,2,0
1235,138,1,0,0,1593,Prefetch,false,0,0,0
1232,-1,16,0,0,2133,CoChange,false,0,0,0
1226,76,1,0,0,0,Prefetch,false,0,0,0
1225,89,1,0,0,0,Prefetch,false,0,0,0
1223,195,1,0,0,0,Prefetch,false,0,0,0
1222,-1,3,1,0,0,CoChange,false,0,1,0
1221,64,1,0,0,14,Prefetch,false,0,0,0
1220,199,1,0,0,0,Prefetch,false,0,0,0
1219,309,1,0,0,0,Prefetch,false,0,0,0
1218,52,1,0,0,14,Prefetch,false,0,0,0
1217,57,1,0,0,14,Prefetch,false,0,0,0
1216,106,1,0,0,0,Prefetch,false,0,0,0
1215,-1,3,0,1,0,CoChange,false,0,0,0
1213,-1,69,3,3,22952,CoChange,false,0,3,0
1211,-1,190,14,22,161022,CoChange,false,1,10,3
1209,-1,145,22,12,95441,CoChange,false,0,20,2
1198,-1,136,4,3,61458,CoChange,false,0,4,0
1197,55,2,0,1,253,BugEntity,false,0,0,0
1196,-1,155,12,5,63677,CoChange,false,0,12,0
1194,102,32,1,2,20224,CoChange,false,0,1,0
1191,-1,6,0,1,5206,CoChange,false,0,0,0
1190,-1,5,0,0,2630,CoChange,false,0,0,0
1186,72,1,0,0,0,Prefetch,false,0,0,0
4256,-1,9,0,0,942022,CoChange,true,0,0,0
1185,93,2,0,1,0,BugEntity,false,0,0,0
4255,-1,9,0,0,942022,CoChange,true,0,0,0
1184,-1,57,2,0,5602,CoChange,false,0,2,0
4254,-1,9,0,0,939679,CoChange,true,0,0,0
1183,-1,11,0,0,2576,CoChange,false,0,0,0
4253,-1,10,0,0,907478,CoChange,true,0,0,0
1182,-1,40,1,0,8749,CoChange,false,0,1,0
4252,-1,9,0,0,907478,CoChange,true,0,0,0
4251,-1,9,0,0,907478,CoChange,true,0,0,0
1180,-1,16,1,0,2576,CoChange,false,0,1,0
4250,-1,9,0,0,907478,CoChange,true,0,0,0
4249,-1,9,0,0,908926,CoChange,true,0,0,0
4248,-1,8,0,0,911269,CoChange,true,0,0,0
4247,-1,8,0,0,967128,CoChange,true,0,0,0
4246,-1,8,0,0,967128,CoChange,true,0,0,0
1175,-1,65,3,1,21433,CoChange,false,0,3,0
4245,-1,8,1,0,967128,CoChange,true,0,1,0
1174,-1,14,1,0,1387,CoChange,false,0,1,0
4244,-1,8,0,0,967122,CoChange,true,0,0,0
1173,-1,3,0,0,0,CoChange,false,0,0,0
4243,-1,8,0,0,967122,CoChange,true,0,0,0
1172,-1,93,3,0,28961,CoChange,false,0,3,0
4242,-1,8,0,0,967122,CoChange,true,0,0,0
1171,-1,338,30,19,207202,CoChange,false,0,30,0
4241,-1,8,0,0,967122,CoChange,true,0,0,0
4240,-1,7,0,0,967981,CoChange,true,0,0,0
1169,-1,76,0,0,16179,CoChange,false,0,0,0
4239,-1,7,0,0,967123,CoChange,true,0,0,0
1168,-1,226,8,1,70987,CoChange,false,0,8,0
4238,-1,7,0,0,967123,CoChange,true,0,0,0
1167,-1,167,2,1,59382,CoChange,false,0,2,0
1166,-1,114,3,2,27887,CoChange,false,0,3,0
1164,-1,205,10,1,90502,CoChange,false,0,10,0
1163,-1,287,18,8,135210,CoChange,false,0,18,0
1162,-1,335,23,3,254138,CoChange,false,0,23,0
1160,-1,74,5,5,13692,CoChange,false,0,5,0
4230,-1,5,0,0,967129,CoChange,true,0,0,0
1159,-1,20,0,0,5331,CoChange,false,0,0,0
1157,-1,339,26,9,293168,CoChange,false,0,26,0
1153,-1,497,90,34,471384,CoChange,false,0,83,7
1152,-1,6,0,0,6938,CoChange,false,0,0,0
1151,-1,52,1,1,18733,CoChange,false,0,1,0
1150,-1,144,4,0,43525,CoChange,false,0,4,0
1149,-1,237,7,2,72883,CoChange,false,0,7,0
1148,-1,441,30,3,230841,CoChange,false,0,30,0
1147,-1,326,10,12,137344,CoChange,false,0,10,0
1146,-1,57,2,0,12855,CoChange,false,0,2,0
1145,-1,160,9,4,57721,CoChange,false,0,9,0
1144,-1,436,24,2,325370,CoChange,false,0,24,0
1143,-1,144,5,1,64654,CoChange,false,0,5,0
1142,-1,16,0,9,26688,CoChange,false,0,0,0
1141,-1,18,0,0,10021,CoChange,false,0,0,0
1130,-1,2,0,0,74,CoChange,false,0,0,0
1129,517,3,0,1,74,CoChange,false,0,0,0
1128,-1,2,0,0,74,CoChange,false,0,0,0
1127,-1,2,0,0,74,CoChange,false,0,0,0
1126,-1,2,0,0,74,CoChange,false,0,0,0
1125,-1,2,0,0,74,CoChange,false,0,0,0
1124,-1,2,0,0,74,CoChange,false,0,0,0
1123,-1,2,0,0,74,CoChange,false,0,0,0
1122,-1,2,0,0,74,CoChange,false,0,0,0
1121,-1,2,0,0,74,CoChange,false,0,0,0
1115,116,29,1,1,2824,BugEntity,false,0,1,0
1112,-1,55,1,1,20252,CoChange,false,0,1,0
1106,-1,61,3,1,9618,CoChange,false,1,2,0
1099,143,1,0,0,0,Prefetch,false,0,0,0
1098,63,1,0,0,1116,Prefetch,false,0,0,0
1082,-1,80,1,3,14075,CoChange,false,0,1,0
1081,-1,14,1,0,33288,CoChange,false,0,1,0
1080,-1,13,0,0,30771,CoChange,false,0,0,0
1077,-1,17,1,0,33946,CoChange,false,0,1,0
1076,-1,16,0,0,33946,CoChange,false,0,0,0
1075,-1,16,0,0,33946,CoChange,false,0,0,0
1074,-1,15,0,0,31429,CoChange,false,0,0,0
1073,-1,19,2,1,35759,CoChange,false,0,2,0
1071,-1,40,3,1,113841,CoChange,false,0,3,0
1068,-1,475,14,6,326981,CoChange,false,0,14,0
1067,-1,519,14,8,381557,CoChange,false,0,14,0
1066,-1,208,11,0,230063,CoChange,false,0,11,0
1063,-1,374,13,3,290221,CoChange,false,0,13,0
1062,-1,498,13,6,345153,CoChange,false,0,13,0
1028,-1,19,0,0,36777,CoChange,false,0,0,0
1027,-1,657,14,2,491775,CoChange,false,0,14,0
989,-1,26,2,4,7256,CoChange,false,0,2,0
988,13,1,0,0,1708,Prefetch,false,0,0,0
987,-1,136,7,8,47744,CoChange,false,0,7,0
986,-1,410,16,3,204251,CoChange,false,0,16,0
981,-1,110,3,1,36849,CoChange,false,0,3,0
980,-1,240,9,7,101657,CoChange,false,0,9,0
979,-1,100,5,0,57544,CoChange,false,0,5,0
4049,-1,1,0,0,3511,Prefetch,false,0,0,0
978,-1,103,5,0,57544,CoChange,false,0,5,0
977,-1,209,14,2,69211,CoChange,false,0,14,0
4046,393,1,0,0,10511,Prefetch,false,0,0,0
972,-1,6,0,0,0,CoChange,false,0,0,0
971,193,64,8,2,4795,CoChange,false,0,8,0
970,-1,49,7,1,4720,CoChange,false,0,7,0
969,-1,21,3,0,42397,CoChange,false,0,3,0
4039,7,1,0,0,1851,Prefetch,false,0,0,0
968,-1,19,0,5,35897,CoChange,false,0,0,0
4035,1598,3,0,1,429,CoChange,false,0,0,0
963,43,2,0,1,14,BugEntity,false,0,0,0
961,120,3,0,2,0,BugEntity,false,0,0,0
4030,-1,2,0,0,889,CoChange,false,0,0,0
4003,-1,5,1,0,4272,CoChange,false,0,1,0
4002,83,1,1,0,1970,Prefetch,false,1,0,0
4001,-1,1,0,0,1970,Prefetch,false,0,0,0
4000,-1,10,0,0,28833,CoChange,false,0,0,0
3994,10,1,1,0,9003,Prefetch,false,1,0,0
3993,46,1,0,0,236,Prefetch,false,0,0,0
3986,7,1,0,0,3033,Prefetch,false,0,0,0
3985,9,1,0,0,3033,Prefetch,false,0,0,0
3984,9,1,0,0,3033,Prefetch,false,0,0,0
3983,12,1,0,0,3033,Prefetch,false,0,0,0
3979,-1,11,2,2,40501,CoChange,false,0,1,1
3948,-1,7,0,0,63410,CoChange,false,0,0,0
3947,-1,22,4,3,90677,CoChange,false,1,1,2
3946,-1,18,0,3,83002,CoChange,false,0,0,0
3945,546,23,4,6,105050,BugEntity,false,2,1,1
3944,-1,18,0,1,83002,CoChange,false,0,0,0
3943,-1,21,6,1,87134,CoChange,false,0,6,0
3941,-1,7,1,1,15189,CoChange,false,0,1,0
869,-1,55,3,2,3373,CoChange,false,0,3,0
3939,-1,27,7,4,108614,CoChange,false,0,6,1
3938,-1,32,4,3,97428,CoChange,false,0,4,0
3936,107,4,1,1,6520,BugEntity,false,0,1,0
3935,-1,43,7,7,260956,CoChange,false,0,6,1
3934,-1,43,3,1,223487,CoChange,false,0,3,0
3933,-1,42,6,1,171970,CoChange,false,0,6,0
3932,-1,38,1,1,127548,CoChange,false,0,1,0
861,-1,82,2,2,16297,CoChange,false,0,2,0
3931,-1,38,2,1,124176,CoChange,false,0,2,0
846,-1,205,11,7,87327,CoChange,false,0,11,0
845,-1,843,95,11,736156,CoChange,false,0,94,1
844,-1,588,30,10,311066,CoChange,false,0,28,2
843,-1,35,1,1,12980,CoChange,false,0,1,0
841,-1,302,15,20,222819,CoChange,false,1,14,0
3910,154,3,0,1,16434,BugEntity,false,0,0,0
839,298,1,0,0,0,Prefetch,false,0,0,0
3908,-1,15,6,1,75402,CoChange,false,2,4,0
837,-1,6,2,0,1257,CoChange,false,0,2,0
3907,-1,37,10,2,118057,CoChange,false,4,2,4
836,-1,22,2,1,0,CoChange,false,0,2,0
3906,-1,37,4,1,121926,CoChange,false,1,3,0
3905,-1,16,3,1,90618,CoChange,false,1,2,0
3903,-1,17,1,2,70198,CoChange,false,0,1,0
3902,-1,16,1,1,67736,CoChange,false,0,1,0
3901,-1,16,1,1,67736,CoChange,false,0,1,0
3900,59,2,0,1,2918,BugEntity,false,0,0,0
3899,-1,17,3,1,104668,CoChange,false,0,3,0
3898,163,47,6,2,149187,BugEntity,false,0,6,0
3896,-1,14,2,1,73565,CoChange,false,1,1,0
825,-1,79,4,4,7604,CoChange,false,0,4,0
824,-1,14,1,1,2861,CoChange,false,0,1,0
3893,-1,14,1,1,33283,CoChange,false,0,1,0
816,137,52,6,1,6172,CoChange,false,0,6,0
3882,92,3,0,1,673,BugEntity,false,0,0,0
3881,-1,6,0,0,37152,CoChange,false,0,0,0
3879,-1,31,1,2,96272,CoChange,false,0,1,0
808,-1,45,8,10,49777,CoChange,false,0,8,0
3878,-1,32,3,2,98874,CoChange,false,0,3,0
3877,-1,39,3,4,135368,CoChange,false,0,3,0
3876,-1,55,4,1,246056,CoChange,false,0,4,0
3875,-1,56,6,1,244197,CoChange,false,2,4,0
803,-1,6,1,1,2784,CoChange,false,0,1,0
3873,-1,11,0,3,48610,CoChange,false,0,0,0
802,-1,365,11,16,172684,CoChange,false,0,11,0
3872,-1,26,4,0,89022,CoChange,false,0,4,0
801,89,1,0,0,0,Prefetch,false,0,0,0
800,-1,8,0,0,35,CoChange,false,0,0,0
799,-1,74,3,3,13223,CoChange,false,0,3,0
796,-1,19,0,0,149,CoChange,false,0,0,0
795,111,23,0,1,149,BugEntity,false,0,0,0
793,-1,132,2,2,46813,CoChange,false,0,2,0
792,-1,253,7,3,50397,CoChange,false,0,7,0
791,-1,904,64,7,537216,CoChange,false,0,64,0
3861,31,2,0,1,6289,BugEntity,false,0,0,0
789,-1,41,0,0,6944,CoChange,false,0,0,0
788,-1,686,29,1,259024,CoChange,false,0,29,0
787,-1,451,10,3,211590,CoChange,false,0,10,0
786,-1,503,12,0,210460,CoChange,false,0,12,0
785,-1,47,4,2,8841,CoChange,false,0,4,0
784,-1,49,1,0,4027,CoChange,false,0,1,0
783,-1,128,8,9,30548,CoChange,false,0,8,0
782,-1,123,5,4,24481,CoChange,false,0,5,0
781,-1,50,4,0,8882,CoChange,false,0,4,0
3843,-1,47,6,9,161363,CoChange,false,0,4,2
772,-1,100,5,0,33981,CoChange,false,0,5,0
3842,-1,41,2,1,129766,CoChange,false,0,2,0
771,-1,77,6,1,20793,CoChange,false,0,6,0
3841,-1,46,10,4,145439,CoChange,false,0,10,0
3840,-1,56,9,2,167178,CoChange,false,0,9,0
769,-1,10,0,0,2548,CoChange,false,0,0,0
767,-1,966,71,9,775143,CoChange,false,0,71,0
766,-1,344,15,4,93044,CoChange,false,0,15,0
3835,-1,33,3,1,113697,CoChange,false,0,3,0
3834,-1,20,2,1,58192,CoChange,false,0,2,0
3833,-1,34,4,1,86917,CoChange,false,1,3,0
3832,-1,26,2,0,66077,CoChange,false,0,2,0
3831,-1,26,2,1,63145,CoChange,false,0,2,0
3830,-1,26,1,1,63145,CoChange,false,0,1,0
3829,-1,26,2,2,63145,CoChange,false,1,1,0
758,-1,571,31,1,252037,CoChange,false,0,31,0
3828,-1,26,1,1,63145,CoChange,false,0,1,0
757,71,3,0,2,1798,BugEntity,false,0,0,0
3827,-1,26,2,0,63145,CoChange,false,0,2,0
3826,-1,26,3,1,63145,CoChange,false,0,2,1
3824,-1,59,12,8,197961,CoChange,false,0,7,5
3823,385,2,0,1,117,BugEntity,false,0,0,0
752,-1,396,11,2,143735,CoChange,false,0,11,0
3822,-1,27,4,3,84043,CoChange,false,1,3,0
3818,-1,24,1,5,118495,CoChange,false,0,1,0
3813,-1,28,1,1,246315,CoChange,false,1,0,0
3799,-1,4,1,0,27053,CoChange,false,0,1,0
3798,287,4,0,3,27053,BugEntity,false,0,0,0
3787,-1,20,1,1,79468,CoChange,false,0,1,0
3784,131,2,0,1,21486,BugEntity,false,0,0,0
3772,-1,24,3,5,123903,CoChange,false,1,1,1
3763,-1,24,1,1,85670,CoChange,false,0,1,0
3760,-1,44,3,2,156682,CoChange,false,0,3,0
3759,-1,45,5,1,157838,CoChange,false,0,5,0
3758,-1,45,10,1,150710,CoChange,false,3,7,0
3757,-1,47,3,2,159138,CoChange,false,0,3,0
3756,-1,43,10,0,136524,CoChange,false,3,7,0
3755,-1,32,5,2,104147,CoChange,false,2,3,0
3754,-1,30,4,3,93042,CoChange,false,0,4,0
3752,-1,121,16,9,461873,CoChange,false,0,15,1
3751,-1,78,1,2,355734,CoChange,false,0,1,0
3750,-1,27,3,4,64833,CoChange,false,0,2,1
3748,-1,19,2,0,65664,CoChange,false,0,2,0
3747,282,48,11,2,217148,BugEntity,false,4,6,1
3746,-1,18,0,0,79910,CoChange,false,0,0,0
3745,-1,133,16,11,627829,CoChange,false,3,6,7
3744,-1,42,3,0,176963,CoChange,false,0,3,0
3743,-1,59,8,0,244162,CoChange,false,0,8,0
3742,-1,86,9,1,488672,CoChange,false,4,2,3
3741,-1,10,1,1,13440,CoChange,false,0,1,0
3740,-1,21,6,3,97066,CoChange,false,1,2,3
3737,4377,2,1,1,226,BugEntity,false,1,0,0
3736,241,2,2,0,226,CoChange,false,1,1,0
3735,-1,2,1,0,226,CoChange,false,1,0,0
3734,-1,2,1,0,226,CoChange,false,1,0,0
3732,-1,74,6,2,281657,CoChange,false,1,5,0
3731,-1,129,29,18,658065,CoChange,false,0,18,11
3730,-1,55,2,1,232577,CoChange,false,0,2,0
3729,-1,55,2,1,228404,CoChange,false,0,2,0
3728,-1,81,14,14,310581,CoChange,false,0,11,3
3726,-1,2,0,0,14621,CoChange,false,0,0,0
3725,50,1,1,0,5362,Prefetch,false,1,0,0
3712,67,22,4,2,64401,BugEntity,false,0,4,0
3711,-1,16,5,7,62468,CoChange,false,3,0,2
3710,-1,31,4,3,60093,CoChange,false,0,2,2
633,-1,91,1,0,13940,CoChange,false,0,1,0
632,-1,284,6,1,76768,CoChange,false,0,6,0
631,-1,351,5,1,146753,CoChange,false,0,5,0
630,-1,85,2,1,12585,CoChange,false,0,2,0
629,-1,279,5,10,92494,CoChange,false,0,5,0
627,-1,195,17,1,43217,CoChange,false,0,17,0
3659,-1,8,1,0,23028,CoChange,false,0,1,0
3658,-1,12,2,0,29631,CoChange,false,0,2,0
571,-1,1,0,0,0,CoChange,false,0,0,0
570,-1,1,0,0,0,CoChange,false,0,0,0
569,264,1,0,1,0,BugEntity,false,0,0,0
568,-1,923,105,15,803808,CoChange,false,0,101,4
567,-1,23,2,0,17,CoChange,false,0,2,0
566,-1,672,24,1,433284,CoChange,false,0,24,0
564,-1,309,5,1,56596,CoChange,false,0,5,0
563,-1,918,83,289,915126,CoChange,false,0,69,14
562,-1,943,52,2,560772,CoChange,false,0,52,0
559,667,691,28,6,333328,BugEntity,false,0,28,0
558,-1,973,47,20,760643,CoChange,false,0,43,4
557,-1,422,10,0,71908,CoChange,false,0,10,0
556,-1,21,3,2,2481,CoChange,false,0,3,0
555,-1,656,23,1,222560,CoChange,false,0,23,0
554,-1,68,2,1,13653,CoChange,false,0,2,0
553,-1,194,14,0,33307,CoChange,false,0,14,0
552,-1,179,6,1,56167,CoChange,false,0,6,0
550,-1,251,11,0,47585,CoChange,false,0,11,0
549,-1,132,4,0,57362,CoChange,false,0,4,0
548,-1,978,49,11,880992,CoChange,false,0,49,0
547,-1,864,26,3,541794,CoChange,false,0,26,0
546,-1,941,57,10,901831,CoChange,false,0,57,0
545,-1,497,17,4,122052,CoChange,false,0,17,0
544,-1,980,35,4,710613,CoChange,false,0,31,4
543,-1,691,11,1,331112,CoChange,false,0,11,0
542,-1,981,29,1,673191,CoChange,false,0,29,0
541,-1,200,6,2,71983,CoChange,false,0,6,0
540,-1,195,3,0,55122,CoChange,false,0,3,0
539,-1,178,6,0,60734,CoChange,false,0,6,0
538,-1,179,5,1,75539,CoChange,false,0,5,0
537,-1,537,21,0,176448,CoChange,false,0,21,0
536,-1,172,4,0,68128,CoChange,false,0,4,0
533,11,29,0,1,3099,BugEntity,false,0,0,0
532,-1,120,4,1,26452,CoChange,false,0,4,0
531,-1,34,0,0,3099,CoChange,false,0,0,0
528,-1,74,1,0,37825,CoChange,false,0,1,0
527,-1,431,20,6,289820,CoChange,false,0,20,0
526,-1,432,13,2,232981,CoChange,false,0,13,0
525,-1,934,27,1,804101,CoChange,false,0,27,0
524,-1,169,4,1,73663,CoChange,false,0,4,0
523,-1,133,4,2,62425,CoChange,false,0,4,0
522,-1,854,22,2,386198,CoChange,false,0,22,0
521,-1,508,8,3,146187,CoChange,false,0,8,0
514,-1,729,13,2,401836,CoChange,false,0,13,0
513,-1,677,21,1,289085,CoChange,false,0,21,0
512,-1,953,17,1,605387,CoChange,false,0,17,0
511,366,603,11,1,287091,BugEntity,false,0,11,0
510,-1,443,10,0,163060,CoChange,false,0,10,0
509,-1,289,6,4,49893,CoChange,false,0,6,0
508,-1,55,1,6,3809,CoChange,false,0,1,0
507,-1,492,14,0,172610,CoChange,false,0,14,0
506,-1,375,15,1,218306,CoChange,false,0,15,0
505,-1,900,23,1,610936,CoChange,false,0,23,0
504,-1,457,9,1,114624,CoChange,false,0,9,0
503,-1,521,12,0,257765,CoChange,false,0,12,0
502,-1,403,8,0,109951,CoChange,false,0,8,0
501,-1,455,6,1,222831,CoChange,false,0,6,0
500,-1,640,11,1,276259,CoChange,false,0,11,0
498,-1,21,3,1,1641,CoChange,false,0,3,0
497,-1,122,2,0,13353,CoChange,false,0,2,0
496,-1,12,1,0,13,CoChange,false,0,1,0
495,-1,12,1,0,13,CoChange,false,0,1,0
494,42,1,1,0,0,CoChange,false,0,1,0
493,-1,12,1,0,13,CoChange,false,0,1,0
492,-1,12,1,0,13,CoChange,false,0,1,0
491,-1,12,1,0,13,CoChange,false,0,1,0
490,93,26,4,3,1306,BugEntity,false,0,4,0
489,-1,18,1,2,14,CoChange,false,0,1,0
488,-1,271,5,5,65178,CoChange,false,0,5,0
481,-1,934,172,89,974215,CoChange,false,1,164,7
480,-1,660,14,1,310974,CoChange,false,0,14,0
479,-1,991,50,1,991154,CoChange,false,0,50,0
478,-1,154,3,2,34885,CoChange,false,0,3,0
477,-1,965,50,3,891584,CoChange,false,0,50,0
476,-1,309,17,4,216361,CoChange,false,0,17,0
475,-1,414,10,1,213203,CoChange,false,0,10,0
474,-1,954,57,5,868186,CoChange,false,0,57,0
472,183,2,0,2,0,BugEntity,false,0,0,0
471,332,23,2,1,137,CoChange,false,0,2,0
470,-1,428,5,0,171825,CoChange,false,0,5,0
469,-1,985,56,10,903736,CoChange,false,0,55,1
468,-1,626,18,1,285251,CoChange,false,0,18,0
467,-1,113,3,0,36642,CoChange,false,0,3,0
466,-1,461,11,1,77425,CoChange,false,0,11,0
465,79,2,0,2,0,BugEntity,false,0,0,0
464,-1,45,2,3,13816,CoChange,false,0,2,0
463,-1,995,37,5,793558,CoChange,false,0,37,0
462,-1,5,1,0,0,CoChange,false,0,1,0
461,-1,595,10,1,293153,CoChange,false,0,10,0
460,-1,415,7,1,135703,CoChange,false,0,7,0
459,-1,520,14,1,291946,CoChange,false,0,14,0
458,-1,965,42,2,792421,CoChange,false,0,41,1
457,-1,267,7,1,114436,CoChange,false,0,7,0
456,-1,978,21,0,661381,CoChange,false,0,21,0
455,-1,434,7,1,176945,CoChange,false,0,7,0
454,-1,551,7,7,211381,CoChange,false,0,7,0
453,-1,663,15,2,353163,CoChange,false,0,15,0
452,-1,781,20,3,336835,CoChange,false,0,20,0
451,-1,508,19,6,262652,CoChange,false,0,19,0
450,-1,288,6,1,78985,CoChange,false,0,6,0
449,-1,618,13,0,365017,CoChange,false,0,13,0
448,-1,352,12,1,184363,CoChange,false,0,12,0
447,172,7,3,0,10242,CoChange,false,0,3,0
446,-1,120,6,5,73294,CoChange,false,0,6,0
445,-1,393,9,0,197460,CoChange,false,0,9,0
444,-1,223,5,0,46938,CoChange,false,0,5,0
443,-1,954,87,16,908592,CoChange,false,0,87,0
442,-1,525,7,0,148732,CoChange,false,0,7,0
441,-1,21,2,0,0,CoChange,false,0,2,0
440,-1,953,40,5,652165,CoChange,false,0,40,0
439,-1,757,13,0,380593,CoChange,false,0,13,0
438,-1,908,34,4,771612,CoChange,false,0,33,1
437,-1,309,8,1,151271,CoChange,false,0,8,0
436,-1,138,3,0,93500,CoChange,false,0,3,0
435,-1,982,33,0,780548,CoChange,false,0,33,0
434,-1,144,5,1,11464,CoChange,false,0,5,0
433,-1,174,3,0,40462,CoChange,false,0,3,0
432,-1,650,15,1,282144,CoChange,false,0,15,0
431,-1,304,2,1,110246,CoChange,false,0,2,0
426,-1,25,1,0,4475,CoChange,false,0,1,0
425,-1,974,43,5,800036,CoChange,false,0,42,1
424,-1,943,91,26,837806,CoChange,false,0,91,0
423,-1,986,29,1,706284,CoChange,false,0,29,0
422,-1,956,73,8,832236,CoChange,false,0,73,0
421,-1,916,27,1,693056,CoChange,false,0,27,0
420,-1,162,2,0,65782,CoChange,false,0,2,0
419,-1,802,20,1,416675,CoChange,false,0,20,0
415,-1,72,2,0,4244,CoChange,false,0,2,0
414,-1,945,101,31,926214,CoChange,false,0,100,1
413,-1,961,50,4,836345,CoChange,false,0,50,0
412,-1,811,26,4,631903,CoChange,false,0,26,0
411,-1,348,5,0,79764,CoChange,false,0,5,0
410,-1,353,9,0,186262,CoChange,false,0,9,0
409,-1,204,3,0,87659,CoChange,false,0,3,0
408,-1,588,8,1,149758,CoChange,false,0,8,0
407,-1,937,73,22,933698,CoChange,false,0,73,0
406,-1,496,5,0,262390,CoChange,false,0,5,0
405,-1,966,39,3,774175,CoChange,false,0,39,0
404,-1,987,29,6,892367,CoChange,false,0,29,0
403,-1,962,77,16,842785,CoChange,false,0,77,0
402,-1,840,21,1,517863,CoChange,false,0,21,0
401,-1,865,32,2,588442,CoChange,false,0,31,1
400,963,968,62,3,870537,BugEntity,false,0,62,0
399,-1,484,10,0,115221,CoChange,false,0,10,0
398,-1,977,23,1,756660,CoChange,false,0,23,0
397,-1,367,6,0,153842,CoChange,false,0,6,0
396,-1,158,7,0,46455,CoChange,false,0,7,0
395,-1,265,4,1,68571,CoChange,false,0,4,0
394,-1,927,18,1,625621,CoChange,false,0,18,0
393,-1,927,153,81,904898,CoChange,false,0,147,6
392,-1,746,15,1,451737,CoChange,false,0,15,0
391,-1,1010,42,3,802032,CoChange,false,0,42,0
390,-1,576,11,1,220334,CoChange,false,0,11,0
389,-1,454,6,0,146886,CoChange,false,0,6,0
388,-1,834,19,3,569461,CoChange,false,0,18,1
387,-1,734,13,2,389589,CoChange,false,0,13,0
259,-1,22,4,0,8222,CoChange,false,0,4,0
258,-1,3,1,0,2637,CoChange,false,0,1,0
257,-1,62,5,2,32635,CoChange,false,0,5,0
256,-1,12,2,1,7121,CoChange,false,0,2,0
254,-1,15,2,0,8189,CoChange,false,0,2,0
252,239,100,3,7,112425,BugEntity,false,0,3,0
247,-1,206,2,1,80181,CoChange,false,0,2,0
240,-1,2,0,0,0,CoChange,false,0,0,0
239,-1,2,0,0,0,CoChange,false,0,0,0
232,19,49,4,1,38728,BugEntity,false,0,4,0
231,-1,14,1,1,5184,CoChange,false,0,1,0
230,-1,356,15,6,133256,CoChange,false,0,15,0
217,-1,467,7,5,190644,CoChange,false,0,7,0
216,-1,20,1,0,8356,CoChange,false,0,1,0
215,-1,300,11,9,113797,CoChange,false,0,10,1
214,-1,192,5,0,78408,CoChange,false,0,5,0
213,-1,114,6,0,27829,CoChange,false,0,6,0
212,-1,185,9,3,45476,CoChange,false,0,9,0
211,-1,20,1,0,8356,CoChange,false,0,1,0
210,-1,198,4,0,73620,CoChange,false,0,4,0
202,-1,3,1,0,28,CoChange,false,0,1,0
196,-1,3,1,0,28,CoChange,false,0,1,0
195,-1,3,2,0,28,CoChange,false,0,2,0
194,-1,3,1,0,28,CoChange,false,0,1,0
193,-1,223,3,0,31962,CoChange,false,0,3,0
189,-1,4,0,2,1488,CoChange,false,0,0,0
182,-1,3,1,0,28,CoChange,false,0,1,0
132,-1,15,0,2,25963,CoChange,false,0,0,0
125,-1,20,0,0,0,CoChange,false,0,0,0
85,-1,17,3,0,615,CoChange,false,0,3,0
72,-1,36,7,0,11603,CoChange,false,0,7,0
71,-1,3,1,0,14,CoChange,false,0,1,0
70,-1,3,1,0,14,CoChange,false,0,1,0
69,-1,17,5,0,3966,CoChange,false,0,5,0
68,-1,36,4,0,11588,CoChange,false,0,4,0
67,-1,14,2,0,647,CoChange,false,0,2,0
66,-1,14,2,0,647,CoChange,false,0,2,0
65,-1,7,1,0,633,CoChange,false,0,1,0
64,-1,7,1,0,633,CoChange,false,0,1,0
62,-1,57,9,0,17775,CoChange,false,0,9,0
61,-1,37,5,1,8528,CoChange,false,0,5,0
60,-1,17,4,0,647,CoChange,false,0,4,0
59,-1,39,3,1,13631,CoChange,false,0,3,0
58,-1,16,2,0,1722,CoChange,false,0,2,0
57,-1,43,0,5,19627,CoChange,false,0,0,0
56,-1,45,3,0,19243,CoChange,false,0,3,0
55,-1,15,0,0,10086,CoChange,false,0,0,0
54,-1,315,7,7,163641,CoChange,false,0,7,0
53,-1,34,0,0,27567,CoChange,false,0,0,0
52,-1,63,7,0,62806,CoChange,false,0,7,0
51,-1,65,4,0,59515,CoChange,false,0,4,0
50,-1,77,5,0,60452,CoChange,false,0,5,0
49,-1,82,1,0,84228,CoChange,false,0,1,0
48,-1,98,0,0,145990,CoChange,false,0,0,0
3118,-1,77,3,3,304870,CoChange,false,0,3,0
47,-1,368,11,2,202595,CoChange,false,0,11,0
3117,-1,83,4,1,317765,CoChange,false,0,2,2
46,-1,210,6,0,216692,CoChange,false,0,6,0
3116,-1,77,1,0,299553,CoChange,false,0,1,0
45,-1,148,1,0,194219,CoChange,false,0,1,0
3115,-1,78,2,2,298934,CoChange,false,0,2,0
44,-1,168,1,0,223931,CoChange,false,0,1,0
3114,-1,79,3,0,309615,CoChange,false,0,3,0
43,-1,201,1,0,251800,CoChange,false,0,1,0
3113,-1,81,1,2,317564,CoChange,false,0,1,0
42,-1,241,2,0,280904,CoChange,false,0,2,0
3112,-1,81,3,1,316012,CoChange,false,0,3,0
41,-1,262,3,0,285379,CoChange,false,0,3,0
3111,-1,80,1,0,327780,CoChange,false,0,1,0
40,-1,293,5,1,295193,CoChange,false,0,5,0
3110,-1,23,0,4,73418,CoChange,false,0,0,0
39,-1,355,7,0,317343,CoChange,false,0,7,0
3109,-1,87,3,0,303915,CoChange,false,0,3,0
38,-1,328,5,0,318570,CoChange,false,0,5,0
3108,-1,81,2,0,296877,CoChange,false,0,2,0
37,-1,330,0,0,309525,CoChange,false,0,0,0
3107,-1,82,1,0,277158,CoChange,false,0,1,0
36,-1,365,2,0,318954,CoChange,false,0,2,0
3106,-1,84,2,1,291755,CoChange,false,0,2,0
35,-1,382,3,0,320012,CoChange,false,0,3,0
34,-1,400,3,0,338146,CoChange,false,0,3,0
3104,-1,95,6,3,341538,CoChange,false,0,3,3
33,-1,409,3,0,337173,CoChange,false,0,3,0
3103,-1,152,5,3,579004,CoChange,false,1,3,1
32,-1,424,4,0,345321,CoChange,false,0,4,0
3102,-1,97,2,7,297182,CoChange,false,0,2,0
31,-1,436,1,0,348707,CoChange,false,0,1,0
30,-1,439,0,0,370630,CoChange,false,0,0,0
29,-1,466,2,0,378569,CoChange,false,0,2,0
28,-1,469,0,0,380541,CoChange,false,0,0,0
27,-1,493,0,0,410211,CoChange,false,0,0,0
26,-1,518,2,0,419376,CoChange,false,0,2,0
3096,-1,80,2,0,289785,CoChange,false,0,2,0
25,-1,532,1,0,430800,CoChange,false,0,1,0
24,-1,537,1,0,438138,CoChange,false,0,1,0
3094,-1,85,2,0,296841,CoChange,false,0,2,0
23,-1,578,5,0,461537,CoChange,false,0,5,0
3093,-1,85,2,0,304791,CoChange,false,0,2,0
22,-1,572,1,0,466380,CoChange,false,0,1,0
3092,-1,145,2,2,552876,CoChange,false,0,1,1
21,-1,593,3,0,473845,CoChange,false,0,3,0
20,-1,594,3,0,457810,CoChange,false,0,3,0
19,-1,594,1,0,437402,CoChange,false,0,1,0
3089,-1,111,4,7,502814,CoChange,false,0,1,3
18,-1,53,5,0,2637,CoChange,false,0,5,0
17,-1,43,2,0,3732,CoChange,false,0,2,0
3087,-1,167,4,0,682191,CoChange,false,0,4,0
16,-1,614,2,0,472124,CoChange,false,0,2,0
3086,-1,179,5,2,623451,CoChange,false,0,5,0
15,-1,621,1,0,475780,CoChange,false,0,1,0
3085,-1,168,2,2,672697,CoChange,false,0,2,0
14,-1,640,2,0,475242,CoChange,false,0,2,0
3084,-1,230,5,0,896515,CoChange,false,0,5,0
13,-1,655,2,0,488626,CoChange,false,0,2,0
3083,-1,172,2,1,598296,CoChange,false,0,2,0
12,-1,665,2,0,540973,CoChange,false,0,2,0
3082,-1,197,3,1,796349,CoChange,false,0,3,0
11,-1,669,2,0,548323,CoChange,false,0,2,0
3081,-1,114,3,0,462274,CoChange,false,0,3,0
10,-1,676,4,0,543958,CoChange,false,0,4,0
9,-1,684,3,0,537528,CoChange,false,0,3,0
8,-1,692,4,0,550056,CoChange,false,0,4,0
7,-1,706,3,0,549443,CoChange,false,0,3,0
6,-1,720,4,0,563120,CoChange,false,0,4,0
5,-1,736,1,0,572834,CoChange,false,0,1,0
4,-1,746,3,0,556975,CoChange,false,0,3,0
3,-1,755,5,0,551375,CoChange,false,0,5,0
2,-1,752,0,0,530342,CoChange,false,0,0,0
3071,-1,56,4,3,269918,CoChange,false,0,4,0
